{
  "leaver_l2": [
    0.48364387221071303,
    -0.09675877597828784
  ],
  "pulse_w": 2.0,
  "runs": {
    "lc1.4": {
      "lc": 1.4,
      "lc_inner": 0.3733333333333333,
      "wall_seconds": 0.0,
      "t_peak": 15.522266876970114,
      "omega_re": 0.5002000262103984,
      "omega_re_std": 0.029541458072311313,
      "omega_im": -0.06928749224978435,
      "omega_im_std": 0.054209418696696814,
      "err_re": 0.03423211778536129,
      "err_im": 0.28391516377458004,
      "n_windows": 5,
      "ring_peak": 0.001733366174558842,
      "tail_floor": 0.0004442777484870814,
      "peak_over_floor": 3.901537226344444,
      "usable_efolds": 1.361370636075857,
      "tail_lines": {
        "w1": 0.34850000000000025,
        "w2": 0.5554999999999998,
        "dw1": 0.0025000000000000022,
        "dw2": 0.006499999999999284,
        "amp1": 0.0005108415178833521,
        "amp2": 0.0002219424177379208,
        "rms0": 0.0003828795504013521,
        "rms1": 0.00015935275655409837,
        "rms2": 1.85352955715189e-05
      }
    },
    "lc1": {
      "lc": 1.0,
      "lc_inner": 0.26666666666666666,
      "wall_seconds": 0.0,
      "t_peak": 15.527902808380022,
      "omega_re": 0.46655177949508814,
      "omega_re_std": 0.005824976254556704,
      "omega_im": -0.09875369509506082,
      "omega_im_std": 0.019107755200365967,
      "err_re": 0.03534024454294801,
      "err_im": 0.020617448873274578,
      "n_windows": 5,
      "ring_peak": 0.0015976475170349448,
      "tail_floor": 0.00038673071606619403,
      "peak_over_floor": 4.131162720370746,
      "usable_efolds": 1.41855889770682,
      "tail_lines": {
        "w1": 0.35350000000000026,
        "w2": 0.5629999999999994,
        "dw1": 0.0010000000000000009,
        "dw2": 0.0039999999999995595,
        "amp1": 0.0005340636069230279,
        "amp2": 0.00013134820957283661,
        "rms0": 0.00036824837454280346,
        "rms1": 9.259659330017108e-05,
        "rms2": 6.910449672257644e-06
      }
    }
  }
}