{
  "leaver_l2": [
    0.48364387221071303,
    -0.09675877597828784
  ],
  "pulse_w": 1.0,
  "runs": {
    "lc1": {
      "lc": 1.0,
      "lc_inner": 0.26666666666666666,
      "wall_seconds": 0.0,
      "t_peak": 14.60362287930979,
      "omega_re": 0.4669171094431113,
      "omega_re_std": 0.009802833132998158,
      "omega_im": -0.10535294624788875,
      "omega_im_std": 0.02130391636030966,
      "err_re": 0.034584874798773896,
      "err_im": 0.08882057655968484,
      "n_windows": 5,
      "ring_peak": 0.000830080895341682,
      "tail_floor": 0.00020709859887182386,
      "peak_over_floor": 4.0081434633723925,
      "usable_efolds": 1.3883281573965536,
      "tail_lines": {
        "w1": 0.35450000000000026,
        "w2": 0.5655,
        "dw1": 0.0015000000000000013,
        "dw2": 0.005999999999999339,
        "amp1": 0.000277447815574149,
        "amp2": 7.501342400800702e-05,
        "rms0": 0.00019348901591611297,
        "rms1": 5.275263922043003e-05,
        "rms2": 5.149848355395017e-06
      }
    }
  }
}