{
  "leaver_l2": [
    0.48364387221071303,
    -0.09675877597828784
  ],
  "pulse_w": 2.0,
  "runs": {
    "lc1": {
      "lc": 1.0,
      "lc_inner": 0.26666666666666666,
      "wall_seconds": 0.0,
      "t_peak": 13.494486964425514,
      "omega_re": 0.4615392337349302,
      "omega_re_std": 0.006352769453107064,
      "omega_im": -0.10224309535422198,
      "omega_im_std": 0.004855895484054854,
      "err_re": 0.045704369983524375,
      "err_im": 0.0566803302386213,
      "n_windows": 5,
      "ring_peak": 0.00266449283054952,
      "tail_floor": 0.00041832501808300004,
      "peak_over_floor": 6.369432176826815,
      "usable_efolds": 1.8515103253952763,
      "tail_lines": {
        "w1": 0.36450000000000027,
        "w2": 0.5334999999999995,
        "dw1": 0.004500000000000004,
        "dw2": 0.006499999999999284,
        "amp1": 0.00033994530509404185,
        "amp2": 0.00026168450979879203,
        "rms0": 0.0003099579762428566,
        "rms1": 0.0001760663145453363,
        "rms2": 1.6445391371742017e-05
      }
    }
  }
}