{
  "l": 1,
  "leaver_reference": {
    "re": 0.2929361332672827,
    "im": -0.0976599889135782
  },
  "ladder": [
    {
      "lc": 1.4,
      "lc_inner": 0.3733333333333333,
      "t_peak": 12.115799671930985,
      "omega_re": 0.23365309309282728,
      "omega_re_std": 0.033897148243542036,
      "omega_im": -0.07314974972032631,
      "omega_im_std": 0.026972376155908882,
      "n_windows": 5,
      "err_re": 0.202375307932272,
      "err_im": 0.2509752403816226,
      "wall_seconds": 125.27735258400025
    },
    {
      "lc": 1.0,
      "lc_inner": 0.26666666666666666,
      "t_peak": 12.050740211859544,
      "omega_re": 0.26298622258754856,
      "omega_re_std": 0.05603254857770047,
      "omega_im": -0.09735893864801842,
      "omega_im_std": 0.01790428231164652,
      "n_windows": 5,
      "err_re": 0.10224041106054689,
      "err_im": 0.0030826366960392208,
      "wall_seconds": 447.0140819169992
    }
  ],
  "orders_vs_reference_re": [
    2.029281611104691
  ],
  "orders_self_convergence": []
}