{
  "runs": {
    "linear_l0_lc0.056": {
      "l": 0,
      "n_samples": 152,
      "t_end": 12.0,
      "n_strong": 34,
      "killing_residual_rel": 0.48902405618947803,
      "cowling_zeta_max_global": 6.136298253884,
      "sigma_a_median_primary": 0.15928482859625287,
      "cond_median_primary": 573.4272714010032,
      "offchannel_peak_over_signal": {
        "l1": 0.013169062005573749,
        "l2": 0.013902094103434915
      },
      "dev_vs_1d_primary": {
        "max": 1.0931557439196937,
        "median": 0.6463146018019824
      },
      "dev_vs_1d_anchor": {
        "max": 0.4377230535313029,
        "median": 0.21264800560467445
      },
      "scale_1d": 0.8138444509109152
    },
    "linear_l0_lc0.040": {
      "l": 0,
      "n_samples": 128,
      "t_end": 11.939976825883452,
      "n_strong": 28,
      "killing_residual_rel": 0.4063707656888893,
      "cowling_zeta_max_global": 5.85313458222,
      "sigma_a_median_primary": 0.11802590383372068,
      "cond_median_primary": 573.4272714010032,
      "offchannel_peak_over_signal": {
        "l1": 0.007991905415523328,
        "l2": 0.011362641158393205
      },
      "dev_vs_1d_primary": {
        "max": 0.32930732057472417,
        "median": 0.1468477996613587
      },
      "dev_vs_1d_anchor": {
        "max": 0.4477510135326062,
        "median": 0.18951142867318593
      },
      "scale_1d": 0.8138444509109152
    },
    "linear_l0_lc0.028": {
      "l": 0,
      "n_samples": 142,
      "t_end": 11.933990596878001,
      "n_strong": 34,
      "killing_residual_rel": 0.347438901307279,
      "cowling_zeta_max_global": 11.82194044613,
      "sigma_a_median_primary": 0.06225096017822216,
      "cond_median_primary": 573.4272714010032,
      "offchannel_peak_over_signal": {
        "l1": 0.004584514433380164,
        "l2": 0.00842562030054095
      },
      "dev_vs_1d_primary": {
        "max": 0.3076169548854501,
        "median": 0.13138830056436226
      },
      "dev_vs_1d_anchor": {
        "max": 0.45899849743718246,
        "median": 0.17353870090892418
      },
      "scale_1d": 0.8138444509109152
    },
    "linear_l1_lc0.040": {
      "l": 1,
      "n_samples": 128,
      "t_end": 11.939976825883452,
      "n_strong": 46,
      "killing_residual_rel": 0.3428976732746737,
      "cowling_zeta_max_global": 1.061306514047,
      "sigma_a_median_primary": 0.021298262944207533,
      "cond_median_primary": 573.4272714010032,
      "offchannel_peak_over_signal": {
        "l0": 0.016147764618262048,
        "l2": 0.05989695793847955
      },
      "dev_vs_1d_primary": {
        "max": 0.6729780863439176,
        "median": 0.2838527675527295
      },
      "dev_vs_1d_anchor": {
        "max": 0.7562174868468836,
        "median": 0.2538675376960225
      },
      "scale_1d": 0.13430808310308695
    },
    "linear_l2_lc0.040": {
      "l": 2,
      "n_samples": 128,
      "t_end": 11.939976825883452,
      "n_strong": 45,
      "killing_residual_rel": 0.47892944326552905,
      "cowling_zeta_max_global": 1.781098325238,
      "sigma_a_median_primary": 0.02076316469741352,
      "cond_median_primary": 573.4272714010032,
      "offchannel_peak_over_signal": {
        "l0": 0.0414739925890594,
        "l1": 0.02850768275333607,
        "l3": 0.0516117458958263,
        "l4": 0.032354851861797804
      },
      "dev_vs_1d_primary": {
        "max": 0.6269408162303797,
        "median": 0.31181437140076573
      },
      "dev_vs_1d_anchor": {
        "max": 0.9403503032614443,
        "median": 0.5044168200186321
      },
      "scale_1d": 0.14200004184687562
    },
    "linear_l2_lc0.028": {
      "l": 2,
      "n_samples": 142,
      "t_end": 11.933990596878001,
      "n_strong": 48,
      "killing_residual_rel": 0.3816628105525992,
      "cowling_zeta_max_global": 3.159457182518,
      "sigma_a_median_primary": 0.032186541906860086,
      "cond_median_primary": 573.4272714010032,
      "offchannel_peak_over_signal": {
        "l0": 0.01952953792973949,
        "l1": 0.025636746452743046,
        "l3": 0.023407942324026917,
        "l4": 0.03379625177593705
      },
      "dev_vs_1d_primary": {
        "max": 0.6513156032145031,
        "median": 0.29707284157771385
      },
      "dev_vs_1d_anchor": {
        "max": 0.973681471914338,
        "median": 0.49619290892609225
      },
      "scale_1d": 0.14200004184687562
    },
    "mexhat_l0_lc0.056": {
      "l": 0,
      "n_samples": 152,
      "t_end": 12.0,
      "n_strong": 39,
      "killing_residual_rel": 0.487825567480492,
      "cowling_zeta_max_global": 6.741755763782,
      "sigma_a_median_primary": 0.15463896474207367,
      "cond_median_primary": 573.4272714010032,
      "offchannel_peak_over_signal": {
        "l1": 0.025367254821255913,
        "l2": 0.017399039215148012
      },
      "dev_vs_1d_primary": {
        "max": 0.7908660976990938,
        "median": 0.663267918303893
      },
      "dev_vs_1d_anchor": {
        "max": 0.4405074726914107,
        "median": 0.16017026073089255
      },
      "scale_1d": 0.9332185475283673
    },
    "mexhat_l0_lc0.040": {
      "l": 0,
      "n_samples": 128,
      "t_end": 11.939976825883452,
      "n_strong": 33,
      "killing_residual_rel": 0.4002488512924259,
      "cowling_zeta_max_global": 5.38677787456,
      "sigma_a_median_primary": 0.10445926454371363,
      "cond_median_primary": 573.4272714010032,
      "offchannel_peak_over_signal": {
        "l1": 0.008105450595879528,
        "l2": 0.01712083023732782
      },
      "dev_vs_1d_primary": {
        "max": 0.2499983909599936,
        "median": 0.1022264055164901
      },
      "dev_vs_1d_anchor": {
        "max": 0.4484449225096284,
        "median": 0.17023334221481604
      },
      "scale_1d": 0.9332185475283673
    },
    "mexhat_l0_lc0.028": {
      "l": 0,
      "n_samples": 142,
      "t_end": 11.933990596878001,
      "n_strong": 37,
      "killing_residual_rel": 0.3378052532805021,
      "cowling_zeta_max_global": 10.71921450213,
      "sigma_a_median_primary": 0.055785775351533284,
      "cond_median_primary": 573.4272714010032,
      "offchannel_peak_over_signal": {
        "l1": 0.004678884112428734,
        "l2": 0.007461264213734261
      },
      "dev_vs_1d_primary": {
        "max": 0.23538348514341426,
        "median": 0.08580950400565111
      },
      "dev_vs_1d_anchor": {
        "max": 0.4590191788511131,
        "median": 0.1847680316798612
      },
      "scale_1d": 0.9332185475283673
    },
    "mexhat_l1_lc0.040": {
      "l": 1,
      "n_samples": 128,
      "t_end": 11.939976825883452,
      "n_strong": 35,
      "killing_residual_rel": 0.3353051202855248,
      "cowling_zeta_max_global": 1.078507479986,
      "sigma_a_median_primary": 0.022671418098192248,
      "cond_median_primary": 573.4272714010032,
      "offchannel_peak_over_signal": {
        "l0": 0.03497297968818077,
        "l2": 0.03600399855854464
      }
    },
    "mexhat_l2_lc0.040": {
      "l": 2,
      "n_samples": 128,
      "t_end": 11.939976825883452,
      "n_strong": 41,
      "killing_residual_rel": 0.4754785357000986,
      "cowling_zeta_max_global": 1.809550798688,
      "sigma_a_median_primary": 0.02081765694679059,
      "cond_median_primary": 573.4272714010032,
      "offchannel_peak_over_signal": {
        "l0": 0.04704935657368569,
        "l1": 0.030119072653106392,
        "l3": 0.04692842362406349,
        "l4": 0.032908529743629976
      }
    },
    "mexhat_l2_lc0.028": {
      "l": 2,
      "n_samples": 142,
      "t_end": 11.933990596878001,
      "n_strong": 45,
      "killing_residual_rel": 0.3767551720631841,
      "cowling_zeta_max_global": 2.876599337092,
      "sigma_a_median_primary": 0.02753092702362875,
      "cond_median_primary": 573.4272714010032,
      "offchannel_peak_over_signal": {
        "l0": 0.018851348384557997,
        "l1": 0.025610889996753906,
        "l3": 0.025073268964091375,
        "l4": 0.0339609542599202
      }
    }
  },
  "walls_s": {
    "mexhat_l0_lc0.028": 0.0,