{
  "l": 1,
  "leaver_reference": {
    "re": 0.2929361332672827,
    "im": -0.0976599889135782
  },
  "ladder": [
    {
      "lc": 2.0,
      "lc_inner": 0.5333333333333333,
      "t_peak": 12.037532043185136,
      "omega_re": 0.3051210960137609,
      "omega_re_std": 0.052886268353228814,
      "omega_im": -0.08598831046409812,
      "omega_im_std": 0.024386648653543036,
      "n_windows": 5,
      "err_re": 0.04159597046145329,
      "err_im": 0.11951341157542672,
      "wall_seconds": 0.0
    },
    {
      "lc": 1.4,
      "lc_inner": 0.3733333333333333,
      "t_peak": 12.109536144987977,
      "omega_re": 0.24431176434078616,
      "omega_re_std": 0.010975685896592062,
      "omega_im": -0.07898973064360712,
      "omega_im_std": 0.019244004082623698,
      "n_windows": 5,
      "err_re": 0.16598965919349512,
      "err_im": 0.19117612522455707,
      "wall_seconds": 0.0
    },
    {
      "lc": 1.0,
      "lc_inner": 0.26666666666666666,
      "t_peak": 12.167323019315486,
      "omega_re": 0.2675756775033771,
      "omega_re_std": 0.05235249569466816,
      "omega_im": -0.09984916439121362,
      "omega_im_std": 0.016618199373733312,
      "n_windows": 5,
      "err_re": 0.08657332737018843,
      "err_im": 0.02241629864992792,
      "wall_seconds": 0.0
    },
    {
      "lc": 0.7,
      "lc_inner": 0.18666666666666665,
      "t_peak": 12.025009839406334,
      "omega_re": 0.23768927037277177,
      "omega_re_std": 0.052696351152446086,
      "omega_im": -0.05136529147383902,
      "omega_im_std": 0.02048955854981304,
      "n_windows": 5,
      "err_re": 0.18859695551488084,
      "err_im": 0.4740395524794349,
      "wall_seconds": 0.0
    }
  ],
  "orders_vs_reference_re": [
    -3.8800656374970646,
    1.9345837530168009,
    -2.1829973499885966
  ],
  "orders_self_convergence": [
    2.09703348050734,
    0.9670854270641406
  ]
}